City_ID,City,Lat,Lng,Max Temp,Humidity,Cloudiness,Wind Speed,Country,CityDate,Temp (C)
0,Albany,42.6,-73.97,303.15,45,23,0.92,US,1594851348,30.0
1,Chui,-33.7,-53.46,279.2,69,0,1.83,UY,1594851361,6.050000000000011
2,Bredasdorp,-34.53,20.04,278.15,86,35,2.6,ZA,1594851555,5.0
3,Morondava,-20.28,44.28,294.81,64,0,8.8,MG,1594851556,21.660000000000025
4,Ballina,-28.87,153.57,286.15,58,0,5.1,AU,1594851556,13.0
5,Holme,56.11,10.17,287.15,87,21,0.5,DK,1594851556,14.0
6,Jamestown,42.1,-79.24,302.04,51,40,3.1,US,1594851311,28.890000000000043
7,Andover,51.21,-1.48,289.15,82,90,2.1,GB,1594851299,16.0
8,Port-Cartier,50.03,-66.87,292.15,52,20,2.1,CA,1594851556,19.0
9,Rikitea,-23.12,-134.97,296.71,83,100,3.99,PF,1594851557,23.560000000000002
10,Ponta do Sol,32.67,-17.1,294.15,64,20,8.2,PT,1594851557,21.0
11,Ribeira Grande,38.52,-28.7,293.96,80,100,2.08,PT,1594851557,20.810000000000002
12,Hilo,19.73,-155.09,301.15,61,90,4.1,US,1594851402,28.0
13,Ushuaia,-54.8,-68.3,271.15,92,1,3.6,AR,1594851529,-2.0
14,Banjar,-8.19,114.97,299.15,94,40,6.2,ID,1594851557,26.0
15,Hirara,24.8,125.28,303.15,83,75,7.7,JP,1594851557,30.0
16,Peniche,39.36,-9.38,297.04,68,0,0.45,PT,1594851557,23.890000000000043
17,Port Lincoln,-34.73,135.87,284.42,76,0,2.43,AU,1594851346,11.270000000000039
18,Lavrentiya,65.58,-171.0,282.25,84,87,1.73,RU,1594851557,9.100000000000023
19,Iqaluit,63.75,-68.51,289.82,51,20,2.1,CA,1594851558,16.670000000000016
20,Kashgar,39.45,75.98,293.15,60,40,6.0,CN,1594851558,20.0
21,Castro,-24.79,-50.01,285.23,86,2,2.13,BR,1594851494,12.080000000000041
22,Rovigo,45.08,11.79,294.26,70,23,1.64,IT,1594851402,21.110000000000014
23,Butaritari,3.07,172.79,301.31,75,78,6.77,KI,1594851558,28.160000000000025
24,Tiznit Province,29.58,-9.5,300.99,41,13,1.32,MA,1594851559,27.840000000000032
25,Atuona,-9.8,-139.03,299.44,76,5,7.41,PF,1594851559,26.29000000000002
26,Carnarvon,-24.87,113.63,291.15,63,40,3.6,AU,1594851559,18.0
27,Puerto Ayora,-0.74,-90.35,294.82,82,91,0.89,EC,1594851559,21.670000000000016
28,Chokurdakh,70.63,147.92,275.68,90,100,5.85,RU,1594851559,2.5300000000000296
29,Shelburne,44.08,-80.2,302.15,45,1,6.7,CA,1594851560,29.0
30,Atar,20.52,-13.05,308.22,20,0,2.62,MR,1594851295,35.07000000000005
31,Diré,12.28,-10.97,298.26,87,67,2.1,ML,1594851560,25.110000000000014
32,Kruisfontein,-34.0,24.73,279.21,63,0,0.89,ZA,1594851560,6.060000000000002
33,Port Elizabeth,-33.92,25.57,278.15,93,0,2.6,ZA,1594851561,5.0
34,Kapaa,22.08,-159.32,301.15,74,40,5.7,US,1594851561,28.0
35,Thompson,55.74,-97.86,289.15,93,75,6.7,CA,1594851320,16.0
36,Mataura,-46.19,168.86,277.04,83,12,1.34,NZ,1594851561,3.890000000000043
37,George Town,5.41,100.34,299.15,94,20,2.09,MY,1594851555,26.0
38,La Ronge,55.1,-105.28,290.15,72,90,8.2,CA,1594851561,17.0
39,Saint-Philippe,-21.36,55.77,292.15,72,43,3.1,RE,1594851561,19.0
40,Boa Vista,2.82,-60.67,303.15,62,40,3.6,BR,1594851561,30.0
41,Saint Paul Harbor,57.79,-152.41,294.15,46,40,2.6,US,1594851561,21.0
42,Sadsadan,16.93,120.87,289.27,97,1,1.01,PH,1594851562,16.120000000000005
43,Hong Kong,22.29,114.16,303.15,74,100,6.71,HK,1594851267,30.0
44,Hobart,-42.88,147.33,279.26,87,75,3.1,AU,1594851533,6.110000000000014
45,Vaini,-21.2,-175.2,298.15,78,40,4.1,TO,1594851562,25.0
46,Mahajanga,-15.72,46.32,294.15,88,0,1.5,MG,1594851562,21.0
47,East London,-33.02,27.91,285.96,55,0,2.75,ZA,1594851562,12.810000000000002
48,Vestmannaeyjar,63.44,-20.27,284.75,93,100,13.07,IS,1594851562,11.600000000000023
49,Zyryanka,65.75,150.85,283.5,50,34,3.38,RU,1594851562,10.350000000000023
50,Arraial do Cabo,-22.97,-42.03,293.15,68,75,1.5,BR,1594851562,20.0
51,Champagnole,46.74,5.91,288.15,92,99,1.79,FR,1594851562,15.0
52,Eureka,40.8,-124.16,290.93,17,0,1.34,US,1594851562,17.78000000000003
53,Bethel,41.37,-73.41,298.15,64,75,4.6,US,1594851562,25.0
54,Lebu,-37.62,-73.65,284.33,91,100,0.27,CL,1594851563,11.180000000000007
55,Algiers,36.75,3.04,296.15,78,20,2.6,DZ,1594851563,23.0
56,Yatou,37.15,122.38,294.19,93,19,2.0,CN,1594851563,21.04000000000002
57,Karratha,-20.74,116.85,291.05,51,4,4.64,AU,1594851401,17.900000000000034
58,Klaksvík,62.23,-6.59,283.15,100,100,5.7,FO,1594851343,10.0
59,Al Bardīyah,31.76,25.09,296.52,75,0,5.87,LY,1594851563,23.370000000000005
60,Kiryat Gat,31.61,34.76,299.82,70,0,1.02,IL,1594851563,26.670000000000016
61,Ilulissat,69.22,-51.1,283.15,61,75,1.5,GL,1594851563,10.0
62,Hasaki,35.73,140.83,291.15,93,75,3.6,JP,1594851563,18.0
63,Kabalo,-6.05,26.92,299.58,33,100,1.39,CD,1594851563,26.430000000000007
64,Kloulklubed,7.04,134.26,300.15,88,75,2.17,PW,1594851564,27.0
65,Longyearbyen,78.22,15.64,280.15,81,75,1.0,SJ,1594851564,7.0
66,Tuktoyaktuk,69.45,-133.04,287.15,50,75,5.1,CA,1594851564,14.0
67,Karaton,-6.34,106.1,300.15,83,40,2.6,ID,1594851564,27.0
68,Provideniya,64.38,-173.3,282.15,81,90,4.0,RU,1594851564,9.0
69,Cidreira,-30.18,-50.21,282.86,64,0,2.23,BR,1594851564,9.710000000000036
70,Punta Arenas,-53.15,-70.92,274.15,86,75,2.6,CL,1594851509,1.0
71,Hithadhoo,-0.6,73.08,301.74,73,100,2.35,MV,1594851564,28.590000000000032
72,Avarua,-21.21,-159.78,296.15,60,84,3.1,CK,1594851565,23.0
73,Christchurch,-43.53,172.63,275.93,100,85,1.0,NZ,1594851472,2.7800000000000296
74,Esperance,-33.87,121.9,282.15,76,3,6.2,AU,1594851565,9.0
75,Saint George,37.1,-113.58,312.59,8,1,3.6,US,1594851348,39.44
76,Aklavik,68.22,-135.01,287.15,82,75,3.1,CA,1594851566,14.0
77,Vuktyl,63.86,57.31,285.05,87,99,4.85,RU,1594851566,11.900000000000034
78,Barrow,71.29,-156.79,281.15,65,1,4.6,US,1594851566,8.0
79,Kavieng,-2.57,150.8,301.32,69,2,1.43,PG,1594851566,28.170000000000016
80,Mount Isa,-20.73,139.5,283.15,51,1,3.6,AU,1594851566,10.0
81,Nanortalik,60.14,-45.24,279.08,88,40,4.31,GL,1594851566,5.930000000000007
82,Along,28.17,94.77,296.03,89,99,0.16,IN,1594851567,22.879999999999995
83,Dikson,73.51,80.55,277.62,97,93,3.2,RU,1594851567,4.470000000000027
84,Canhotinho,-8.88,-36.19,291.89,96,22,2.71,BR,1594851567,18.74000000000001
85,Kankakee,41.15,-87.87,298.15,78,75,1.5,US,1594851567,25.0
86,Vigía del Fuerte,6.58,-76.89,302.56,72,87,1.3,CO,1594851568,29.410000000000025
87,Nikolskoye,59.7,30.79,289.15,67,20,3.0,RU,1594851568,16.0
88,Hermanus,-34.42,19.23,278.71,89,52,0.45,ZA,1594851359,5.560000000000002
89,Bluff,-46.6,168.33,277.04,83,44,1.34,NZ,1594851568,3.890000000000043
90,Copiapó,-27.37,-70.33,287.15,62,0,5.7,CL,1594851568,14.0
91,Huaihua,27.55,109.96,297.28,89,93,0.64,CN,1594851568,24.129999999999995
92,Severo-Kuril'sk,50.68,156.12,284.19,90,93,4.02,RU,1594851357,11.04000000000002
93,Alice Springs,-23.7,133.88,273.15,79,0,2.6,AU,1594851542,0.0
94,New Norfolk,-42.78,147.06,279.26,90,100,1.04,AU,1594851568,6.110000000000014
95,Busselton,-33.65,115.33,288.15,95,34,10.25,AU,1594851568,15.0
96,Airai,-8.93,125.41,285.74,98,82,1.73,TL,1594851569,12.590000000000032
97,Melbourne,28.08,-80.61,302.15,78,40,1.5,US,1594851435,29.0
98,Tasiilaq,65.61,-37.64,280.15,81,0,3.1,GL,1594851362,7.0
99,Horki,54.29,30.98,284.18,85,100,4.71,BY,1594851569,11.03000000000003
100,Mahébourg,-20.41,57.7,292.15,93,75,1.5,MU,1594851569,19.0
101,Urengoy,65.97,78.37,286.76,96,100,5.1,RU,1594851569,13.610000000000014
102,Pirgos,35.12,25.72,298.15,36,0,2.24,GR,1594851570,25.0
103,Guerrero Negro,27.98,-114.06,298.86,51,95,9.08,MX,1594851570,25.710000000000036
104,Coyhaique,-45.58,-72.07,275.15,93,90,1.5,CL,1594851570,2.0
105,Cabo San Lucas,22.89,-109.91,307.04,46,5,5.1,MX,1594851570,33.89000000000004
106,Xining,36.62,101.77,287.62,83,99,1.39,CN,1594851307,14.470000000000027
107,Qaanaaq,77.48,-69.36,278.89,83,100,3.13,GL,1594851570,5.740000000000009
108,Saskylakh,71.92,114.08,290.58,50,99,9.05,RU,1594851570,17.430000000000007
109,Cedar City,37.68,-113.06,306.15,7,1,2.6,US,1594851570,33.0
110,Sharan,54.82,54.0,295.16,70,45,1.61,RU,1594851571,22.010000000000048
111,Nakhon Si Thammarat,8.43,99.97,297.63,89,87,1.07,TH,1594851571,24.480000000000018
112,Yārāda,17.65,83.27,299.15,94,75,1.0,IN,1594851571,26.0
113,Kangaatsiaq,68.31,-53.46,278.78,91,98,2.79,GL,1594851571,5.6299999999999955
114,Yunyang,33.45,112.71,295.1,85,94,0.74,CN,1594851571,21.950000000000045
115,Port Alfred,-33.59,26.89,285.06,42,0,2.14,ZA,1594851571,11.910000000000025
116,Mar del Plata,-38.0,-57.56,282.59,75,0,1.5,AR,1594851571,9.439999999999998
117,Itapetinga,-15.25,-40.25,292.94,81,83,1.95,BR,1594851571,19.79000000000002
118,Golden,39.76,-105.22,299.82,44,75,3.1,US,1594851572,26.670000000000016
119,Jalu,29.03,21.55,301.28,35,0,5.15,LY,1594851572,28.129999999999995
120,Palmer,42.16,-72.33,299.82,57,75,3.1,US,1594851572,26.670000000000016
121,Altamira,-3.2,-52.21,303.15,66,20,1.0,BR,1594851530,30.0
122,Mogadishu,2.04,45.34,298.58,84,95,7.84,SO,1594851381,25.430000000000007
123,Vao,-22.67,167.48,294.34,74,52,10.09,NC,1594851573,21.189999999999998
124,De Aar,-30.65,24.01,275.1,69,0,1.49,ZA,1594851573,1.9500000000000455
125,Olinda,-8.01,-34.86,299.15,74,40,6.2,BR,1594851573,26.0
126,Isangel,-19.55,169.27,298.15,83,20,0.51,VU,1594851573,25.0
127,Cocorit,27.58,-109.97,311.15,25,5,6.7,MX,1594851573,38.0
128,Narsaq,60.92,-46.05,287.15,54,5,3.6,GL,1594851573,14.0
129,Katherine,-14.47,132.27,288.15,62,33,4.1,AU,1594851574,15.0
130,Yellowknife,62.46,-114.35,290.15,67,75,5.1,CA,1594851574,17.0
131,Dalvik,65.97,-18.53,284.15,93,75,2.6,IS,1594851574,11.0
132,‘Āhuimanu,21.44,-157.84,302.15,65,75,4.1,US,1594851574,29.0
133,Indaial,-26.9,-49.23,288.15,72,75,3.6,BR,1594851575,15.0
134,Anadyr,64.75,177.48,287.15,82,20,6.0,RU,1594851575,14.0
135,Upernavik,72.79,-56.15,279.07,90,83,2.06,GL,1594851575,5.920000000000016
136,Joshīmath,30.57,79.57,290.89,55,5,0.58,IN,1594851575,17.74000000000001
137,Dingle,11.0,122.67,297.4,91,56,2.16,PH,1594851575,24.25
138,Puri,19.8,85.85,299.15,94,40,2.1,IN,1594851575,26.0
139,Gigmoto,13.78,124.39,300.64,78,100,2.91,PH,1594851575,27.49000000000001
140,Tuatapere,-46.13,167.68,277.04,83,70,1.34,NZ,1594851353,3.890000000000043
141,Poronaysk,49.22,143.12,288.58,86,79,2.71,RU,1594851576,15.430000000000007
142,Daru,-9.08,143.21,298.27,88,82,8.6,PG,1594851576,25.120000000000005
143,Zhuhai,22.28,113.57,303.15,89,20,4.6,CN,1594851576,30.0
144,Sitka,57.05,-135.33,289.15,82,75,4.1,US,1594851576,16.0
145,Athabasca,54.72,-113.29,294.67,57,17,5.66,CA,1594851330,21.52000000000004
146,Te Anau,-45.42,167.72,273.18,94,84,0.29,NZ,1594851576,0.03000000000002956
147,Sungai Raya,0.7,108.9,297.96,82,62,1.53,ID,1594851577,24.810000000000002
148,Dessie,11.13,39.63,287.13,83,100,1.61,ET,1594851577,13.980000000000018
149,Kudahuvadhoo,2.67,72.89,302.02,73,100,4.45,MV,1594851577,28.870000000000005
150,Cape Town,-33.93,18.42,280.15,87,0,1.0,ZA,1594851317,7.0
151,Saint-Joseph,-21.37,55.62,292.15,72,39,3.1,RE,1594851577,19.0
152,São João da Barra,-21.64,-41.05,294.15,77,90,5.1,BR,1594851577,21.0
153,Jardim,-21.48,-56.14,297.85,56,37,0.91,BR,1594851577,24.700000000000045
154,Pimentel,-6.84,-79.93,292.15,72,30,6.7,PE,1594851577,19.0
155,Ko Samui,9.54,99.94,301.15,83,20,6.14,TH,1594851577,28.0
156,Avera,33.19,-82.53,309.15,41,1,3.1,US,1594851578,36.0
157,Laas,46.62,10.7,285.93,93,75,1.5,IT,1594851578,12.78000000000003
158,Port Moresby,-9.44,147.18,298.15,94,75,7.7,PG,1594851318,25.0
159,Prachuap Khiri Khan,11.82,99.78,298.54,82,100,2.93,TH,1594851578,25.390000000000043
160,Lata,40.16,-8.33,298.15,60,0,1.0,PT,1594851578,25.0
161,Bathsheba,13.22,-59.52,302.15,70,40,5.7,BB,1594851416,29.0
162,Waddān,29.16,16.14,299.96,41,0,6.23,LY,1594851578,26.810000000000002
163,Russkiy,43.01,131.86,292.15,82,90,3.0,RU,1594851578,19.0
164,Garden City,42.33,-83.33,305.15,48,75,5.1,US,1594851579,32.0
165,Praia,14.92,-23.51,299.15,74,75,5.1,CV,1594851579,26.0
166,Barranca,-10.75,-77.77,290.59,79,8,4.36,PE,1594851402,17.439999999999998
167,Kidal,18.44,1.41,301.43,55,71,6.61,ML,1594851579,28.28000000000003
168,Kavaratti,10.57,72.64,301.43,77,100,9.44,IN,1594851579,28.28000000000003
169,Hamilton,39.18,-84.53,306.48,48,1,3.1,US,1594851571,33.33000000000004
170,Souillac,-20.52,57.52,292.15,93,75,1.5,MU,1594851579,19.0
171,Galitsy,56.18,42.85,290.15,77,75,4.0,RU,1594851579,17.0
172,Rincon,32.3,-81.24,307.15,52,40,5.7,US,1594851579,34.0
173,Departamento de Maldonado,-34.67,-54.92,280.15,87,0,0.5,UY,1594851580,7.0
174,Khatanga,71.97,102.5,286.78,67,100,4.51,RU,1594851346,13.629999999999995
175,Faya,18.39,42.45,298.15,35,20,1.14,SA,1594851580,25.0
176,Katsuura,35.13,140.3,294.15,88,75,1.0,JP,1594851580,21.0
177,Vardø,70.37,31.11,285.15,81,35,1.5,NO,1594851580,12.0
178,Sala Consilina,40.39,15.6,289.03,75,25,0.88,IT,1594851580,15.879999999999995
179,Jambi City,-1.6,103.62,295.64,98,19,1.0,ID,1594851580,22.49000000000001
180,Puerto Suárez,-18.95,-57.8,305.15,43,20,3.1,BO,1594851580,32.0
181,Karīmpur,23.97,88.62,299.11,92,92,3.18,IN,1594851580,25.960000000000036
182,Pevek,69.7,170.31,280.82,84,100,1.37,RU,1594851581,7.670000000000016
183,Maningrida,-12.07,134.27,290.68,75,18,4.57,AU,1594851581,17.53000000000003
184,Shahrud,36.42,54.98,293.71,63,92,5.01,IR,1594851581,20.560000000000002
185,La Santisima Trinidad,-14.83,-64.9,300.15,69,0,1.14,BO,1594851581,27.0
186,Mangai,-4.05,19.53,296.95,77,81,0.96,CD,1594851581,23.80000000000001
187,Pangnirtung,66.15,-65.71,291.15,52,75,8.7,CA,1594851581,18.0
188,Matamoros,25.53,-103.25,309.15,19,75,4.1,MX,1594851582,36.0
189,North Bend,43.41,-124.22,300.93,77,1,11.8,US,1594851569,27.78000000000003
190,Merritt Island,28.54,-80.67,304.15,79,40,3.6,US,1594851403,31.0
191,Nishihara,26.18,127.76,302.15,89,75,9.3,JP,1594851582,29.0
192,Lorengau,-2.02,147.27,301.35,67,59,1.94,PG,1594851582,28.200000000000045
193,Acapulco de Juárez,16.86,-99.89,304.15,70,75,3.6,MX,1594851304,31.0
194,Yuci,37.68,112.73,293.15,82,37,1.0,CN,1594851582,20.0
195,Mossamedes,-15.2,12.15,291.87,88,24,3.41,AO,1594851582,18.720000000000027
196,Balkhash,46.84,74.98,296.59,55,26,7.08,KZ,1594851582,23.439999999999998
197,Norman Wells,65.28,-126.83,298.15,38,20,1.5,CA,1594851582,25.0
198,Broome,42.25,-75.83,302.04,42,1,1.5,US,1594851583,28.890000000000043
199,Saldanha,-33.01,17.94,280.15,75,0,0.5,ZA,1594851341,7.0
200,Maniitsoq,65.42,-52.9,280.77,72,79,7.32,GL,1594851583,7.6200000000000045
201,Pahlgām,34.03,75.33,287.05,63,3,1.17,IN,1594851583,13.900000000000034
202,Manokwari,-0.87,134.08,299.57,72,68,1.22,ID,1594851583,26.420000000000016
203,Fort Saint James,54.43,-124.25,285.94,93,100,2.03,CA,1594851584,12.79000000000002
204,Bima,-8.47,118.72,294.65,88,34,2.09,ID,1594851584,21.5
205,Mount Gambier,-37.83,140.77,277.15,93,40,3.1,AU,1594851584,4.0
206,Berck,50.4,1.6,290.15,88,90,3.1,FR,1594851435,17.0
207,Atambua,-9.11,124.89,292.98,82,69,3.14,ID,1594851584,19.83000000000004
208,Maceió,-9.67,-35.74,298.15,78,40,2.1,BR,1594851438,25.0
209,Highland,34.13,-117.21,307.15,15,5,3.1,US,1594851584,34.0
210,Yulara,-25.24,130.99,273.15,73,0,2.6,AU,1594851584,0.0
211,Evensk,61.95,159.23,283.61,95,100,1.25,RU,1594851585,10.460000000000036
212,Silopi,37.25,42.47,300.15,24,0,3.1,TR,1594851585,27.0
213,Ancud,-41.87,-73.82,281.15,100,90,2.1,CL,1594851585,8.0
214,Togur,58.36,82.83,288.18,73,84,4.04,RU,1594851585,15.03000000000003
215,Port Hardy,50.7,-127.42,291.15,82,75,4.1,CA,1594851320,18.0
216,Flin Flon,54.77,-101.86,292.15,68,90,7.2,CA,1594851585,19.0
217,Totolapan,18.52,-96.18,305.37,70,20,4.1,MX,1594851585,32.22000000000003
218,Usinsk,65.99,57.53,280.33,78,92,2.72,RU,1594851585,7.180000000000007
219,Winnemucca,40.97,-117.74,305.15,6,1,1.5,US,1594851585,32.0
220,Tiksi,71.69,128.87,275.71,87,2,8.4,RU,1594851586,2.5600000000000023
221,Laguna,38.42,-121.42,307.04,33,1,3.1,US,1594851586,33.89000000000004
222,Bismil,37.85,40.67,299.15,50,0,2.6,TR,1594851586,26.0
223,Jinchang,38.5,102.17,297.5,39,100,3.0,CN,1594851586,24.350000000000023
224,Olafsvik,64.89,-23.71,283.13,91,100,8.55,IS,1594851586,9.980000000000018
225,Castelfiorentino,43.61,10.97,292.59,61,3,1.75,IT,1594851587,19.439999999999998
226,Colquechaca,-18.67,-66.02,277.19,54,0,1.95,BO,1594851587,4.0400000000000205
227,Makkah al Mukarramah,21.43,39.83,304.03,13,0,2.41,SA,1594851587,30.879999999999995
228,Viedma,-40.81,-63.0,280.44,61,79,3.11,AR,1594851503,7.2900000000000205
229,Beloha,-25.17,45.05,289.5,77,16,3.83,MG,1594851587,16.350000000000023
230,Haines Junction,60.75,-137.51,290.27,46,64,2.58,CA,1594851587,17.120000000000005
231,Alofi,-19.06,-169.92,299.15,65,75,6.7,NU,1594851348,26.0
232,Bambous Virieux,-20.34,57.76,292.15,93,75,1.5,MU,1594851588,19.0
233,Torbay,47.67,-52.73,283.15,100,90,9.3,CA,1594851588,10.0
234,Nālūt,30.33,10.85,303.46,22,1,5.28,LY,1594851588,30.310000000000002
235,Orcotuna,-11.97,-75.33,286.47,50,29,4.52,PE,1594851588,13.32000000000005
236,Geraldton,-28.77,114.6,286.15,87,90,5.7,AU,1594851588,13.0
237,Teseney,15.11,36.66,299.97,66,100,8.09,ER,1594851589,26.82000000000005
238,Codrington,-38.27,141.97,277.6,92,40,2.11,AU,1594851589,4.4500000000000455
239,Villanueva de la Serena,38.98,-5.8,304.26,34,10,1.79,ES,1594851589,31.110000000000014
240,Eyl,7.98,49.82,301.43,61,80,12.12,SO,1594851589,28.28000000000003
241,Mitsamiouli,-11.38,43.28,297.97,71,32,8.35,KM,1594851589,24.82000000000005
242,Pottsville,40.69,-76.2,303.15,54,54,0.89,US,1594851589,30.0
243,Zadar,44.12,15.24,290.15,82,5,1.5,HR,1594851589,17.0
244,Talnakh,69.49,88.4,282.15,87,75,2.0,RU,1594851589,9.0
245,Tessalit,20.2,1.01,305.8,34,60,9.41,ML,1594851590,32.650000000000034
246,Salalah,17.02,54.09,300.15,94,75,0.5,OM,1594851590,27.0
247,Niquero,20.04,-77.58,305.02,61,3,2.12,CU,1594851590,31.870000000000005
248,Kapuskasing,49.42,-82.43,300.15,42,75,5.7,CA,1594851590,27.0
249,San Quintín,30.48,-115.95,296.74,60,0,7.4,MX,1594851590,23.590000000000032
250,Saint-François,46.42,3.91,289.15,77,90,1.0,FR,1594851590,16.0
251,San Cristobal,7.77,-72.22,304.15,52,20,4.6,VE,1594851590,31.0
252,Okhotsk,59.38,143.3,288.07,89,88,3.9,RU,1594851590,14.920000000000016
253,Kumul,42.8,93.45,298.94,20,93,5.72,CN,1594851341,25.79000000000002
254,Havre-St-Pierre,50.23,-63.6,293.15,49,1,2.6,CA,1594851324,20.0
255,Kaitangata,-46.28,169.85,277.85,81,45,1.97,NZ,1594851590,4.7000000000000455
256,Bengkulu,-3.8,102.27,298.33,80,83,1.66,ID,1594851591,25.180000000000007
257,Sur,22.57,59.53,303.03,62,22,4.71,OM,1594851591,29.879999999999995
258,Asău,46.43,26.4,287.04,86,46,2.11,RO,1594851591,13.890000000000043
259,Cayenne,4.93,-52.33,301.15,74,5,1.0,GF,1594851334,28.0
260,Araranguá,-28.93,-49.49,280.82,72,0,0.4,BR,1594851591,7.670000000000016
261,Kisanga,-7.44,37.7,294.46,85,61,1.19,TZ,1594851591,21.310000000000002
262,Broken Hill,-31.95,141.43,277.15,69,0,2.08,AU,1594851591,4.0
263,Faanui,-16.48,-151.75,298.63,86,10,7.54,PF,1594851591,25.480000000000018
264,Kerema,-7.96,145.78,299.38,84,45,1.98,PG,1594851591,26.230000000000018
265,Mingshui,36.72,117.5,299.26,71,40,2.22,CN,1594851592,26.110000000000014
266,La Asuncion,11.03,-63.86,305.15,52,0,7.2,VE,1594851592,32.0
267,Nome,64.5,-165.41,284.26,81,90,3.6,US,1594851592,11.110000000000014
268,Markova,48.68,24.41,286.12,86,96,1.91,UA,1594851592,12.970000000000027
269,Cartagena,10.4,-75.51,305.15,70,20,3.6,CO,1594851568,32.0
270,Novikovo,51.15,37.89,285.47,75,92,5.31,RU,1594851592,12.32000000000005
271,Machinga,-15.17,35.3,286.57,77,7,1.62,MW,1594851592,13.420000000000016
272,Oudtshoorn,-33.59,22.2,279.15,70,0,1.5,ZA,1594851592,6.0
273,Tynda,55.17,124.72,293.2,80,3,0.29,RU,1594851593,20.05000000000001
274,Bundaberg,-24.85,152.35,285.15,58,0,4.6,AU,1594851593,12.0
275,Udachny,66.42,112.4,291.15,63,90,3.0,RU,1594851593,18.0
276,Sicamous,50.83,-118.99,300.37,49,56,1.34,CA,1594851320,27.220000000000027
277,Vanavara,60.34,102.28,284.39,73,51,4.13,RU,1594851593,11.240000000000009
278,Abhā,18.22,42.51,298.15,35,20,1.69,SA,1594851593,25.0
279,Lüderitz,-26.65,15.16,295.15,18,0,7.7,NA,1594851593,22.0
280,Malindi,-3.22,40.12,298.19,76,22,8.44,KE,1594851593,25.04000000000002
281,General Pico,-35.66,-63.76,282.88,62,0,2.99,AR,1594851593,9.730000000000018
282,Kindu,-2.95,25.95,295.47,84,3,0.9,CD,1594851363,22.32000000000005
283,General Roca,-39.03,-67.58,283.15,66,93,0.9,AR,1594851594,10.0
284,São Félix do Xingu,-6.64,-51.99,300.8,45,26,1.1,BR,1594851594,27.650000000000034
285,Port Blair,11.67,92.75,300.41,82,92,4.45,IN,1594851594,27.260000000000048
286,Seminole,28.71,-81.21,298.15,88,90,11.3,US,1594851594,25.0
287,Khani,41.96,42.96,296.15,88,75,1.0,GE,1594851594,23.0
288,Tezu,27.92,96.17,297.4,85,100,1.13,IN,1594851594,24.25
289,Šahy,48.07,18.95,293.15,69,28,0.88,SK,1594851594,20.0
290,Tigil',57.8,158.67,286.58,90,100,2.95,RU,1594851595,13.430000000000007
291,Colón,9.36,-79.9,304.26,70,20,6.2,PA,1594851595,31.110000000000014
292,Negombo,7.21,79.84,301.15,88,40,3.1,LK,1594851595,28.0
293,Berlevåg,70.86,29.09,283.15,87,82,1.5,NO,1594851345,10.0
294,Härnösand,62.63,17.94,289.26,93,100,1.0,SE,1594851596,16.110000000000014
295,Camas,37.4,-6.03,304.15,40,0,3.1,ES,1594851345,31.0
296,Dingli,35.86,14.38,298.15,83,6,2.1,MT,1594851596,25.0
297,Kysyl-Syr,63.9,122.76,294.44,60,53,1.63,RU,1594851596,21.29000000000002
298,Clyde River,70.47,-68.59,292.15,45,1,8.2,CA,1594851596,19.0
299,Gizo Government Station,-8.1,156.84,301.13,77,43,9.32,SB,1594851596,27.980000000000018
300,Ambilobe,-13.2,49.05,292.89,87,35,0.96,MG,1594851596,19.74000000000001
301,Tautira,-17.73,-149.15,299.15,83,75,1.0,PF,1594851596,26.0
302,Zaysan,47.47,84.87,292.76,47,0,3.39,KZ,1594851596,19.610000000000014
303,San Clemente,33.43,-117.61,299.26,70,5,0.89,US,1594851573,26.110000000000014
304,Husavik,66.04,-17.34,284.15,93,75,2.6,IS,1594851596,11.0
305,Nong Chik,6.84,101.18,298.07,87,94,1.69,TH,1594851597,24.920000000000016
306,Taksimo,56.34,114.88,295.47,61,14,0.71,RU,1594851597,22.32000000000005
307,Juneau,58.3,-134.42,288.15,82,90,1.82,US,1594851313,15.0
308,Marabu,4.41,114.01,297.15,100,20,1.5,MY,1594851597,24.0
309,Belaya Gora,68.53,146.42,279.49,75,97,4.43,RU,1594851597,6.340000000000032
310,Salta,-24.79,-65.41,285.15,66,20,4.6,AR,1594851553,12.0
311,Vaitape,-16.52,-151.75,299.08,85,5,7.6,PF,1594851570,25.930000000000007
312,Vila Velha,-20.33,-40.29,294.15,94,90,3.1,BR,1594851466,21.0
313,Puerto Escondido,15.85,-97.07,303.15,70,75,2.6,MX,1594851597,30.0
314,Paris,48.85,2.35,292.15,59,89,4.1,FR,1594851434,19.0
315,Ostrovnoy,68.05,39.51,282.72,79,0,3.07,RU,1594851597,9.57000000000005
316,Pisco,-13.7,-76.22,290.37,82,20,3.6,PE,1594851598,17.220000000000027
317,Marawi,8.0,124.29,295.93,93,100,2.24,PH,1594851598,22.78000000000003
318,Ligayan,4.65,119.47,301.83,73,96,4.51,PH,1594851598,28.680000000000007
319,Ivdel',60.69,60.42,292.87,93,55,1.77,RU,1594851598,19.720000000000027
320,Newport,51.59,-3.0,290.37,84,73,2.51,GB,1594851598,17.220000000000027
321,Caibarién,22.52,-79.47,304.15,66,40,5.7,CU,1594851363,31.0
322,Alyangula,-13.85,136.42,294.15,73,24,2.6,AU,1594851598,21.0
323,Lālmohan,22.34,90.74,301.19,83,80,3.95,BD,1594851598,28.04000000000002
324,Beringovskiy,63.05,179.32,285.75,73,1,2.08,RU,1594851598,12.600000000000023
325,Bonthe,7.53,-12.51,298.0,80,92,5.52,SL,1594851598,24.850000000000023
326,St. George's,12.06,-61.75,302.15,74,20,8.7,GD,1594851598,29.0
327,Muyezerskiy,63.93,31.65,282.67,95,92,2.22,RU,1594851598,9.520000000000039
328,Potosí,-19.58,-65.75,281.86,39,0,2.01,BO,1594851599,8.710000000000036
329,Nirmal,19.1,78.35,296.42,96,94,2.23,IN,1594851599,23.27000000000004
330,Trairi,-3.28,-39.27,298.62,77,3,4.91,BR,1594851599,25.470000000000027
331,Moen,69.13,18.61,286.15,87,60,4.6,NO,1594851599,13.0
332,Richards Bay,-28.78,32.04,288.06,63,69,2.1,ZA,1594851599,14.910000000000025
333,Ahipara,-35.17,173.17,289.06,91,68,2.95,NZ,1594851348,15.910000000000025
334,Kamień Pomorski,53.97,14.77,286.15,93,20,1.5,PL,1594851599,13.0
335,Yantal',56.85,105.25,283.86,88,100,2.37,RU,1594851599,10.710000000000036
336,Northam,51.03,-4.22,289.82,95,56,0.89,GB,1594851599,16.670000000000016
337,Óbidos,-1.92,-55.52,300.57,66,4,1.2,BR,1594851600,27.420000000000016
338,Tripoli,32.88,13.19,301.62,54,0,7.68,LY,1594851600,28.470000000000027
339,San Luis,-33.3,-66.34,283.45,54,0,1.12,AR,1594851600,10.300000000000011
340,Krasnosel'kup,65.7,82.47,285.28,95,100,6.07,RU,1594851600,12.129999999999995
341,Half Moon Bay,37.46,-122.43,299.82,49,5,4.6,US,1594851439,26.670000000000016
342,São Filipe,14.9,-24.5,298.46,81,33,4.13,CV,1594851601,25.310000000000002
343,Fort-Shevchenko,44.51,50.26,301.65,70,50,6.13,KZ,1594851601,28.5
344,Novi Kneževac,46.05,20.1,291.44,68,94,1.54,RS,1594851601,18.29000000000002
345,Chester,40.13,-75.87,300.37,69,1,3.6,US,1594851573,27.220000000000027
346,Ulaangom,49.98,92.07,287.95,66,27,2.44,MN,1594851601,14.800000000000011
347,Kilis,36.72,37.12,302.15,35,0,2.1,TR,1594851599,29.0
348,Cap Malheureux,-19.98,57.61,292.15,93,75,1.5,MU,1594851601,19.0
349,Reserva,-24.65,-50.85,286.74,91,0,1.26,BR,1594851601,13.590000000000032
350,Ust-Nera,64.57,143.2,289.63,49,79,1.22,RU,1594851601,16.480000000000018
351,Necochea,-38.55,-58.74,279.82,77,0,2.24,AR,1594851602,6.670000000000016
352,Vostok,46.49,135.88,290.93,88,90,0.86,RU,1594851602,17.78000000000003
353,Oxbow,49.23,-102.17,298.15,45,70,2.68,CA,1594851602,25.0
354,Vrangel',42.73,133.08,290.11,84,0,1.23,RU,1594851602,16.960000000000036
355,Vieux-Habitants,16.06,-61.77,302.15,62,0,5.1,GP,1594851602,29.0
356,Nehe,48.48,124.83,295.74,67,84,2.42,CN,1594851348,22.590000000000032
357,Nhulunbuy,-12.23,136.77,297.15,64,31,3.1,AU,1594851602,24.0
358,Balakovo,52.03,47.8,290.69,76,87,2.05,RU,1594851602,17.54000000000002
359,Shimorskoye,55.32,42.03,285.86,83,72,5.34,RU,1594851602,12.710000000000036
360,Titel,45.21,20.29,293.15,77,100,1.23,RS,1594851602,20.0
361,Mlonggo,-6.53,110.7,297.92,81,99,2.43,ID,1594851603,24.77000000000004
362,Mount Darwin,-16.77,31.58,285.06,78,1,2.92,ZW,1594851603,11.910000000000025
363,Arlit,18.74,7.39,308.94,16,0,3.89,NE,1594851603,35.79000000000002
364,Flinders,-34.58,150.86,285.93,61,99,1.79,AU,1594851349,12.78000000000003
365,Ampanihy,-24.7,44.75,288.57,83,9,3.16,MG,1594851603,15.420000000000016
366,Lensk,60.73,114.93,291.96,89,57,4.21,RU,1594851603,18.810000000000002
367,Ngunguru,-35.62,174.5,287.59,3,3,1.83,NZ,1594851327,14.439999999999998
368,Hualmay,-11.1,-77.61,291.7,73,8,5.05,PE,1594851603,18.55000000000001
369,Mandera,3.94,41.87,300.14,53,96,8.26,KE,1594851604,26.99000000000001
370,Sibolga,1.74,98.78,297.58,83,54,1.84,ID,1594851604,24.430000000000007
371,Río Gallegos,-51.62,-69.22,269.15,100,90,2.6,AR,1594851543,-4.0
372,Leningradskiy,69.38,178.42,280.85,78,93,6.02,RU,1594851362,7.7000000000000455
373,Andenes,69.31,16.12,286.15,82,75,2.6,NO,1594851604,13.0
374,Kesova Gora,57.58,37.29,286.86,98,98,2.53,RU,1594851604,13.710000000000036
375,Villarrica,-25.75,-56.43,287.63,74,70,1.29,PY,1594851604,14.480000000000018
376,Tambovka,50.1,128.05,297.15,73,20,2.0,RU,1594851604,24.0
377,Toamasina,-18.17,49.38,293.15,94,40,2.54,MG,1594851604,20.0
378,Arrondissement de Moulins,46.5,3.33,289.15,77,90,1.0,FR,1594851605,16.0
379,Mnogovershinnyy,53.94,139.92,292.86,76,98,1.54,RU,1594851605,19.710000000000036
380,Ørnes,66.87,13.71,287.59,87,85,2.1,NO,1594851605,14.439999999999998
381,Batemans Bay,-35.72,150.18,277.04,88,87,0.89,AU,1594851605,3.890000000000043
382,Gijang,35.24,129.21,293.15,82,75,2.6,KR,1594851425,20.0
383,Vilhena,-12.74,-60.15,303.15,37,20,3.6,BR,1594851605,30.0
384,Sabang,5.89,95.32,301.25,73,87,0.76,ID,1594851605,28.100000000000023
385,Rawson,-43.3,-65.1,279.8,62,99,2.94,AR,1594851344,6.650000000000034
386,Villagarzón,1.04,-76.63,295.28,84,74,0.71,CO,1594851606,22.129999999999995
387,Bambanglipuro,-7.95,110.28,297.24,88,86,4.16,ID,1594851606,24.090000000000032
388,College,64.86,-147.8,295.15,43,90,4.6,US,1594851606,22.0
389,Kirkuk,35.47,44.39,303.99,19,0,3.67,IQ,1594851606,30.840000000000032
390,Margate,51.38,1.39,289.82,88,100,0.45,GB,1594851606,16.670000000000016
391,Kirakira,-10.45,161.92,299.84,79,100,2.66,SB,1594851606,26.689999999999998
392,Sawang Daen Din,17.48,103.46,298.81,76,80,1.52,TH,1594851606,25.660000000000025
393,Barra de Tecoanapa,16.52,-98.75,304.22,59,47,4.67,MX,1594851607,31.07000000000005
394,Payo,-3.75,103.64,295.84,94,88,0.84,ID,1594851607,22.689999999999998
395,Zhangye,38.93,100.45,296.36,44,94,1.36,CN,1594851607,23.210000000000036
396,Pargas,60.31,22.3,288.15,93,0,0.5,FI,1594851607,15.0
397,Sauk Rapids,45.59,-94.17,300.93,42,1,4.6,US,1594851607,27.78000000000003
398,Marondera,-18.19,31.55,281.4,88,87,6.15,ZW,1594851607,8.25
399,Sheridan,44.83,-106.92,305.15,11,1,2.6,US,1594851607,32.0
400,Concord,37.98,-122.03,304.26,33,1,6.7,US,1594851541,31.110000000000014
401,Champasak,14.75,106.0,296.7,92,90,0.98,LA,1594851608,23.55000000000001
402,Yerbogachën,61.28,108.01,284.25,87,36,4.13,RU,1594851608,11.100000000000023
403,Vila,42.03,-8.16,296.15,46,31,2.1,PT,1594851608,23.0
404,Kahului,20.89,-156.47,304.15,43,40,8.2,US,1594851608,31.0
405,Lagoa,39.05,-27.98,293.61,83,100,6.43,PT,1594851361,20.460000000000036
406,Moree,-29.47,149.85,276.15,93,0,1.0,AU,1594851608,3.0
407,Valparaíso,-33.04,-71.63,284.15,100,90,4.6,CL,1594851595,11.0
408,Mergen,49.18,125.22,294.86,82,75,2.43,CN,1594851608,21.710000000000036
409,Caravelas,-17.71,-39.25,295.6,83,9,2.33,BR,1594851609,22.450000000000045
410,Ziro,27.63,93.83,287.38,100,99,0.56,IN,1594851609,14.230000000000018
411,Nabire,-3.37,135.48,297.82,84,46,1.68,ID,1594851609,24.670000000000016
412,Pedra Azul,-16.01,-41.3,290.5,75,3,1.43,BR,1594851609,17.350000000000023
413,Cabadiangan,9.75,122.47,298.15,85,61,1.86,PH,1594851609,25.0
414,Teterow,53.78,12.57,286.15,87,20,1.0,DE,1594851609,13.0
415,Xaxim,-26.96,-52.53,289.26,59,54,1.59,BR,1594851609,16.110000000000014
416,Linguère,15.4,-15.12,303.1,49,0,5.32,SN,1594851609,29.950000000000045
417,Chany,55.31,76.76,288.13,84,7,0.48,RU,1594851609,14.980000000000018
418,Taldan,53.67,124.8,292.26,94,94,0.84,RU,1594851609,19.110000000000014
419,Pine Bluff,34.23,-92.0,306.15,52,1,3.6,US,1594851610,33.0
420,Kologriv,58.83,44.32,288.83,96,6,2.42,RU,1594851610,15.680000000000007
421,Jati,24.35,68.27,302.64,75,97,6.67,PK,1594851610,29.49000000000001
422,Kirovskiy,45.09,133.51,291.85,92,11,1.36,RU,1594851610,18.700000000000045
423,Bantacan,7.6,126.13,296.07,82,64,0.84,PH,1594851610,22.920000000000016
424,Xam Nua,20.42,104.04,292.54,89,74,1.13,LA,1594851610,19.390000000000043
425,Kerchevskiy,59.95,56.29,293.74,87,1,1.99,RU,1594851610,20.590000000000032
426,Tsaitien,30.58,114.03,296.15,100,90,2.0,CN,1594851611,23.0
427,Châtellerault,46.8,0.53,291.15,72,87,4.1,FR,1594851611,18.0
428,Mimongo,-1.62,11.61,293.38,94,99,1.19,GA,1594851611,20.230000000000018
429,Ushtobe,45.25,77.98,293.87,54,0,3.4,KZ,1594851611,20.720000000000027
430,Terrell,32.74,-96.28,308.15,55,1,5.7,US,1594851459,35.0
431,Erenhot,43.65,111.98,298.8,47,100,3.63,CN,1594851611,25.650000000000034
432,Yalta,44.5,34.17,292.53,58,28,2.96,UA,1594851611,19.379999999999995
433,Agüimes,27.91,-15.45,296.48,78,20,12.9,ES,1594851611,23.33000000000004
434,Aswān,24.09,32.91,304.73,15,0,5.28,EG,1594851611,31.58000000000004
435,Dunedin,-45.87,170.5,278.15,84,24,2.24,NZ,1594851436,5.0
436,Constitución,-35.33,-72.42,285.08,79,6,2.54,CL,1594851612,11.930000000000007
437,Tevaitoa,-16.78,-151.5,298.98,84,10,8.07,PF,1594851612,25.83000000000004
438,Shanghai,31.22,121.46,294.15,100,90,3.0,CN,1594851056,21.0
439,Tignère,7.37,12.65,290.72,96,81,0.51,CM,1594851612,17.57000000000005
440,Sand Springs,36.14,-96.11,308.15,50,75,2.32,US,1594851446,35.0
441,Arkhara,49.42,130.08,295.3,91,93,1.98,RU,1594851612,22.150000000000034
442,Maumere,-8.62,122.21,297.75,77,87,4.69,ID,1594851612,24.600000000000023
443,Huarmey,-10.07,-78.15,292.28,73,7,4.68,PE,1594851612,19.129999999999995
444,Shahr-e Bābak,30.12,55.12,296.25,32,74,2.98,IR,1594851612,23.100000000000023
445,Derzhavīnsk,51.1,66.32,293.93,59,0,4.09,KZ,1594851612,20.78000000000003
446,Kununurra,-15.77,128.73,291.15,37,35,2.6,AU,1594851613,18.0
447,City of San Pedro,14.35,121.02,299.82,85,51,0.45,PH,1594851614,26.670000000000016
448,San-Pédro,4.75,-6.64,296.51,82,100,3.33,CI,1594851614,23.360000000000014
449,Baruun-Urt,46.68,113.28,293.81,65,85,3.86,MN,1594851614,20.660000000000025
450,Samarai,-10.62,150.67,298.98,86,26,6.65,PG,1594851614,25.83000000000004
451,Wabana,47.63,-52.95,282.15,100,90,9.3,CA,1594851614,9.0
452,Kerrville,30.05,-99.14,310.15,30,1,5.1,US,1594851614,37.0
453,San Antonio,29.42,-98.49,312.59,29,1,5.7,US,1594851447,39.44
454,Vanimo,-2.67,141.3,299.11,84,13,2.17,PG,1594851614,25.960000000000036
455,Taltal,-25.4,-70.48,288.27,64,17,1.64,CL,1594851615,15.120000000000005
456,‘Ewa Beach,21.32,-158.01,303.15,51,75,3.6,US,1594851615,30.0
457,Tibati,6.47,12.63,291.68,95,95,0.39,CM,1594851615,18.53000000000003
458,Aripuanã,-9.17,-60.63,300.19,40,0,0.57,BR,1594851615,27.04000000000002
459,Korla,41.76,86.15,296.18,38,43,5.15,CN,1594851615,23.03000000000003
460,Novopavlovka,51.22,109.21,289.0,92,79,3.16,RU,1594851615,15.850000000000023
461,Huanren,41.26,125.37,293.4,84,29,0.85,CN,1594851615,20.25
462,Coruripe,-10.13,-36.18,296.79,86,3,2.92,BR,1594851502,23.640000000000043
463,Hervey Bay,-25.3,152.85,284.26,68,0,2.68,AU,1594851615,11.110000000000014
464,Podor,16.65,-14.96,304.15,62,3,2.1,MR,1594851615,31.0
465,Esim,4.87,-2.24,296.61,84,96,2.9,GH,1594851615,23.460000000000036
466,Province of Brindisi,40.58,17.67,297.15,83,81,1.5,IT,1594851616,24.0
467,Riachão do Jacuípe,-11.81,-39.39,294.18,81,23,3.72,BR,1594851616,21.03000000000003
468,Visby,57.64,18.3,287.59,93,36,3.6,SE,1594851362,14.439999999999998
469,Mukhen,48.1,136.1,294.84,79,84,3.53,RU,1594851616,21.689999999999998
470,Chernyshevskiy,63.01,112.47,287.96,97,100,3.49,RU,1594851616,14.810000000000002
471,Moose Factory,51.26,-80.61,300.15,47,20,5.1,CA,1594851616,27.0
472,Daitari,21.1,85.75,297.16,98,59,1.59,IN,1594851616,24.010000000000048
473,Vélingara,13.15,-14.12,298.29,89,83,4.46,SN,1594851616,25.140000000000043
474,Omsukchan,62.53,155.8,282.14,77,100,3.91,RU,1594851617,8.990000000000009
475,Egvekinot,66.32,-179.17,284.46,79,66,2.27,RU,1594851617,11.310000000000002
476,Kuah,6.33,99.84,299.82,94,20,1.5,MY,1594851617,26.670000000000016
477,Ayan,56.45,138.17,287.6,86,100,4.93,RU,1594851617,14.450000000000045
478,Yangi Marg`ilon,40.43,71.72,299.15,39,40,1.0,UZ,1594851492,26.0
479,Muli,2.92,73.57,301.95,76,100,4.96,MV,1594851617,28.80000000000001
480,San Patricio,19.22,-104.7,303.15,74,75,5.1,MX,1594851343,30.0
481,Dudinka,69.41,86.18,282.15,87,75,2.0,RU,1594851617,9.0
482,Kaeo,-35.1,173.78,287.59,3,15,1.45,NZ,1594851617,14.439999999999998
483,Innisfail,-17.53,146.03,288.12,69,2,2.52,AU,1594851617,14.970000000000027
484,Purulhá,15.27,-90.2,290.51,100,58,1.97,GT,1594851618,17.360000000000014
485,Presidente Epitácio,-21.76,-52.12,296.26,66,27,3.74,BR,1594851618,23.110000000000014
486,Waterloo,43.47,-80.52,302.04,48,1,3.6,CA,1594851559,28.890000000000043
487,Fort Nelson,58.81,-122.7,292.15,55,75,2.6,CA,1594851618,19.0
488,Verkhnyaya Toyma,62.23,45.0,287.27,85,100,4.78,RU,1594851618,14.120000000000005
489,Alugan,12.22,125.48,300.93,79,100,3.84,PH,1594851618,27.78000000000003
490,Vayalār,9.7,76.33,298.15,94,75,1.76,IN,1594851618,25.0
491,Padang,-0.95,100.35,298.71,71,0,2.02,ID,1594851618,25.560000000000002
492,Gourcy,13.22,-2.35,298.55,77,91,2.53,BF,1594851618,25.400000000000034
493,Morón,-34.65,-58.62,284.26,49,0,0.45,AR,1594851592,11.110000000000014
494,Muros,42.78,-9.06,290.37,73,0,4.47,ES,1594851619,17.220000000000027
495,Saint-Pierre,-21.34,55.48,292.15,72,45,3.1,RE,1594851619,19.0
496,Sobolevo,54.43,31.9,284.08,92,100,6.05,RU,1594851619,10.930000000000007
497,Tsabong,-26.02,22.4,278.79,49,0,5.03,BW,1594851619,5.640000000000043
498,Luanda,-8.84,13.23,294.15,94,7,1.5,AO,1594851619,21.0
499,Gorom-Gorom,14.44,-0.24,300.89,65,98,1.55,BF,1594851619,27.74000000000001
500,Hambantota,6.12,81.12,298.15,100,94,2.6,LK,1594851619,25.0
501,Kinkala,-4.36,14.76,297.15,78,48,2.1,CG,1594851619,24.0
502,Hobe Sound,27.06,-80.14,302.04,69,40,2.6,US,1594851617,28.890000000000043
503,Verkh-Suetka,53.3,80.05,286.33,87,21,4.26,RU,1594851620,13.180000000000007
504,Yanam,16.73,82.22,298.12,90,95,3.11,IN,1594851620,24.970000000000027
505,Canavieiras,-15.68,-38.95,294.76,81,71,2.43,BR,1594851433,21.610000000000014
506,Sennar,13.57,33.57,301.27,60,100,6.94,SD,1594851620,28.120000000000005
507,Gushikawa,26.35,127.87,302.15,83,1,7.7,JP,1594851620,29.0
508,Adâncata,47.73,26.3,289.82,67,43,1.5,RO,1594851620,16.670000000000016
509,Penzance,50.12,-5.54,289.26,93,40,4.6,GB,1594851620,16.110000000000014
510,Oriximiná,-1.77,-55.87,301.34,64,17,1.83,BR,1594851620,28.189999999999998
511,Lodja,-3.48,23.43,295.89,82,32,0.71,CD,1594851383,22.74000000000001
512,Taganak,6.08,118.3,298.15,94,20,1.0,PH,1594851621,25.0
513,Sioux Lookout,50.1,-91.92,298.15,44,75,6.7,CA,1594851621,25.0
514,Dutse,11.76,9.34,299.11,72,18,3.57,NG,1594851621,25.960000000000036
515,Saint-Augustin,51.23,-58.65,288.6,50,1,4.02,CA,1594851621,15.450000000000045
516,Makokou,0.57,12.86,294.23,93,100,0.79,GA,1594851621,21.08000000000004
517,Marystown,47.17,-55.15,284.68,90,100,8.93,CA,1594851429,11.53000000000003
518,Dali,25.7,100.18,290.66,87,100,1.82,CN,1594851621,17.510000000000048
519,Petropavlovsk-Kamchatskiy,53.05,158.65,286.15,100,90,1.0,RU,1594851621,13.0
520,Jiehu,35.54,118.45,295.74,82,4,0.58,CN,1594851621,22.590000000000032
521,Humberto de Campos,-2.6,-43.46,297.46,84,7,2.0,BR,1594851621,24.310000000000002
522,Doha,25.29,51.53,307.15,67,0,2.1,QA,1594851621,34.0
523,Zhangjiakou,40.81,114.88,294.15,68,4,1.45,CN,1594851622,21.0
524,Ketchikan,55.34,-131.65,287.15,100,90,5.1,US,1594851622,14.0
525,Murray Bridge,-35.12,139.27,282.04,83,0,1.2,AU,1594851622,8.890000000000043
526,Metro,-5.11,105.31,297.19,95,79,1.44,ID,1594851622,24.04000000000002
527,Puerto Limón,10.0,-83.03,303.15,70,15,4.1,CR,1594851622,30.0
528,Ürümqi,43.8,87.6,298.15,38,97,2.0,CN,1594851622,25.0
529,Tura,25.52,90.22,296.83,95,100,2.74,IN,1594851622,23.680000000000007
530,Port Augusta,-32.5,137.77,278.15,80,0,4.1,AU,1594851623,5.0
531,Mendi,-6.18,143.65,286.36,91,30,0.93,PG,1594851623,13.210000000000036
532,Vila Franca do Campo,37.72,-25.43,293.15,72,75,4.6,PT,1594851623,20.0
533,Tsimmerbude,54.67,20.13,287.15,93,40,2.0,RU,1594851623,14.0
534,Bāfq,31.61,55.41,300.63,26,31,4.31,IR,1594851623,27.480000000000018
535,Pochinki,54.7,44.87,287.79,81,0,4.71,RU,1594851623,14.640000000000043
536,Papar,5.73,115.93,298.15,94,20,2.1,MY,1594851623,25.0
537,Merauke,-8.47,140.33,298.47,86,82,7.36,ID,1594851623,25.32000000000005
538,Bagdarin,54.43,113.6,291.11,87,88,0.4,RU,1594851623,17.960000000000036
539,Coos Bay,43.37,-124.22,300.93,77,1,11.8,US,1594851510,27.78000000000003
540,San Juan,-31.54,-68.54,284.4,43,0,1.79,AR,1594851572,11.25
541,Quang Ngai,15.12,108.8,298.19,83,77,2.0,VN,1594851363,25.04000000000002
542,Cockburn Town,21.46,-71.14,303.15,66,75,5.1,TC,1594851623,30.0
543,San Policarpo,12.18,125.51,301.32,77,100,4.2,PH,1594851624,28.170000000000016
544,Coquimbo,-29.95,-71.34,285.15,76,90,3.6,CL,1594851624,12.0
545,Luwuk,-0.95,122.79,298.07,81,100,0.91,ID,1594851624,24.920000000000016
546,Quatre Cocos,-20.21,57.76,292.15,93,75,1.5,MU,1594851624,19.0
547,Terra Santa,-2.1,-56.49,300.73,64,27,1.22,BR,1594851624,27.58000000000004
548,Magaria,13.0,8.91,303.52,50,53,1.96,NE,1594851425,30.370000000000005
549,Diamantino,-14.41,-56.45,300.69,32,11,1.99,BR,1594851359,27.54000000000002
550,Singida,-4.82,34.75,289.84,74,74,7.61,TZ,1594851624,16.689999999999998
551,Great Yarmouth,52.61,1.73,288.15,99,100,4.24,GB,1594851624,15.0
552,Vasterhaninge,59.12,18.1,289.82,52,1,4.0,SE,1594851624,16.670000000000016
553,Weston,26.1,-80.4,302.04,73,100,1.79,US,1594851517,28.890000000000043
554,Porto-Novo,6.5,2.6,298.15,88,20,3.6,BJ,1594851625,25.0
555,Ust'-Ordynskiy,52.8,104.75,287.15,87,40,7.0,RU,1594851625,14.0
556,Tarutyne,46.19,29.15,290.43,66,47,3.32,UA,1594851625,17.28000000000003
557,Catalina Foothills,32.3,-110.92,311.48,26,6,3.13,US,1594851603,38.33000000000004
558,Brae,60.4,-1.35,285.15,100,100,3.1,GB,1594851625,12.0
559,Port Hedland,-20.32,118.57,287.15,44,0,4.1,AU,1594851625,14.0
560,Howard Springs,-12.5,131.05,294.15,68,16,3.6,AU,1594851625,21.0
561,Mocuba,-16.84,36.99,290.73,91,90,2.49,MZ,1594851625,17.58000000000004
562,Ambovombe,-25.17,46.08,291.57,73,32,5.87,MG,1594851625,18.420000000000016
563,Eydhafushi,5.1,73.07,301.93,77,100,6.2,MV,1594851626,28.78000000000003
564,Enshi,30.3,109.48,296.94,87,100,0.28,CN,1594851626,23.79000000000002
